{"objects": [{"cuboid": [[-0.12034850075841008, -0.2756293043803505, 1.7303428208994585], [-0.0009371016313908936, -0.2914452422945286, 1.7976835505244237], [0.02966714323782972, -0.4421378908254656, 1.708022489440381], [-0.0897442558891895, -0.4263219529112874, 1.6406817598154166], [-0.029946338166392958, -0.1758347568053785, 1.5934761073676686], [0.08946506096062624, -0.1916506947195567, 1.660816836992633], [0.12006930582984686, -0.3423433432504937, 1.5711557759085915], [0.000657906702827657, -0.32652740533631547, 1.503815046283626]], "location": [-0.0001395974642816114, -0.30898632381542207, 1.6507492984040253], "quaternion_xyzw": [0.20260453455538574, 0.44617235264836047, 0.7381858726278339, 0.463641296437781], "cuboid_centroid": [-0.0001395974642816114, -0.30898632381542207, 1.6507492984040253], "projected_cuboid": [[281.9416706743096, 152.19141764845935], [320.2110097912119, 150.62199893837857], [330.1292358277289, 96.9927541218658], [290.17561579663334, 96.44676153564549], [310.08143638613177, 179.32572255990297], [350.36354792019443, 176.52676123794407], [362.8664849236152, 119.70406476676182], [320.74253787299125, 120.1253906165903]], "class": "turtlebot_burger", "projected_cuboid_centroid": [320.45311800463804, 136.7309560952094]}]}