{"objects": [{"cuboid": [[-0.2955940829434329, 0.27166978847140016, 0.7601982510355403], [-0.3236856718966964, 0.2524815073610412, 0.8939393161506002], [-0.1952694872546939, 0.1295747896290254, 0.903278601901327], [-0.16717789830143037, 0.1487630707393844, 0.7695375367862662], [-0.16851273072910236, 0.40796190523513337, 0.8064452923186123], [-0.1966043196823659, 0.38877362412477434, 0.9401863574336731], [-0.06818813504036339, 0.2658669063927586, 0.949525643184399], [-0.04009654608709985, 0.2850551875031176, 0.8157845780693392]], "location": [-0.18189110899189814, 0.2687683474320794, 0.8548619471099692], "quaternion_xyzw": [-0.10301251349110524, 0.36668928898822484, 0.9220130377847977, -0.06942150646884748], "cuboid_centroid": [-0.18189110899189814, 0.2687683474320794, 0.8548619471099692], "projected_cuboid": [[104.93485054947759, 438.6181015867498], [119.76406899673715, 397.07817086633617], [200.6543312906139, 320.02587743887415], [200.06333206124492, 347.67043780443004], [204.6576165220607, 520.9493124416343], [204.57188081768192, 469.7411230093692], [280.688201806518, 395.7269997906289], [293.25159080943644, 434.2149492653363]], "class": "turtlebot_burger", "projected_cuboid_centroid": [202.54260725120798, 414.79776360262736]}]}