{"objects": [{"cuboid": [[-0.09169463723558886, 0.0018445157840310416, 1.5645327529027184], [-0.21075772490366135, 0.05097090647797597, 1.6140764597919968], [-0.14101509250854422, 0.05488772498158041, 1.7777976366733317], [-0.021952004840471738, 0.00576133428763548, 1.7282539297840533], [-0.030344549947156296, 0.18121692319556248, 1.5341073318030305], [-0.14940763761522877, 0.23034331388950735, 1.5836510386923097], [-0.07966500522011163, 0.23426013239311178, 1.7473722155736446], [0.039398082447960836, 0.18513374169916685, 1.6978285086843656]], "location": [-0.08567982122785026, 0.11805232408857141, 1.655952484238181], "quaternion_xyzw": [0.15697840948756764, 0.09078620299302445, 0.8193070546062414, -0.5439224159503895], "cuboid_centroid": [-0.08567982122785026, 0.11805232408857141, 1.655952484238181], "projected_cuboid": [[288.0085602090206, 241.15359300551432], [248.11158334749686, 258.00684686395283], [276.5263058510367, 257.61601210860596], [313.4583195006088, 242.34809886835123], [309.53434357535116, 305.98663669604804], [268.19743495641023, 321.13541027325635], [295.22496053369105, 314.8228984327476], [333.36444167699574, 300.95071421124965]], "class": "turtlebot_burger", "projected_cuboid_centroid": [291.8159573245202, 280.0217666606833]}]}