{"objects": [{"cuboid": [[0.022428232316139024, 0.6240307213574454, 1.4961873960623209], [-0.04364722861973172, 0.5071764884227432, 1.4642011223288174], [0.09888049503521276, 0.45147184197251, 1.3732789558698384], [0.1649559559710835, 0.5683260749072121, 1.4052652296033417], [0.09154679371322819, 0.541438402127312, 1.6551374928681564], [0.02547133277735747, 0.42458416919260983, 1.6231512191346529], [0.16799905643230195, 0.36887952274237656, 1.5322290526756739], [0.23407451736817267, 0.48573375567707866, 1.5642153264091774]], "location": [0.09521364437422049, 0.49645512204991094, 1.514208224368997], "quaternion_xyzw": [-0.7846448990178072, 0.3153038964350757, 0.5335645759952369, 0.014989282211543276], "cuboid_centroid": [0.09521364437422049, 0.49645512204991094, 1.514208224368997], "projected_cuboid": [[328.8103388706262, 471.72226874874843], [303.9740810941934, 432.5295465178042], [360.4173356939309, 422.7558945114126], [385.575779604477, 464.7068931456013], [351.1632893446256, 421.8529640232777], [329.19966174306785, 385.5155233620416], [381.28449726164934, 373.96596591777814], [403.4597202829564, 412.65174447878394]], "class": "turtlebot_burger", "projected_cuboid_centroid": [355.35966963883544, 422.2624108278894]}]}