{"objects": [{"cuboid": [[-0.34288165276462745, 0.5285839148399482, 1.5257489655821157], [-0.4145111565879376, 0.5977161171791617, 1.4301772501964616], [-0.2661030433798675, 0.6823005346095176, 1.380132187882704], [-0.19447353955655733, 0.6131683322703041, 1.475703903268357], [-0.30673781304005865, 0.38970109362814764, 1.3981982508753152], [-0.37836731686336883, 0.45883329596736117, 1.302626535489661], [-0.22995920365529876, 0.543417713397717, 1.2525814731759022], [-0.15832969983198858, 0.47428551105850353, 1.3481531885615565]], "location": [-0.2864204282099631, 0.5360008141188326, 1.3891652193790094], "quaternion_xyzw": [-0.9013392999238461, 0.221949273450463, -0.3232092030053755, 0.18401575345668858], "cuboid_centroid": [-0.2864204282099631, 0.5360008141188326, 1.3891652193790094], "projected_cuboid": [[195.91354107079977, 432.5615981224551], [159.82214034805432, 472.19399631694756], [213.60956705849216, 514.5720234323759], [247.4414628552485, 470.8510363481985], [198.87909194066287, 395.0156771153688], [159.47126777991676, 435.7741176550059], [218.72186429300922, 481.01240785596207], [255.39222941577836, 435.5339846420811]], "class": "turtlebot_burger", "projected_cuboid_centroid": [206.19643712369637, 454.4051433631324]}]}